-- Insertar datos de ejemplo en la tabla clientes
INSERT INTO OptiGestionDB.clientes (nombre_cliente, direccion, correo, telefono) 
VALUES 
    ('Juan Pérez', 'Calle 123', 'juan@example.com', '1234567890'),
    ('María García', 'Avenida XYZ', 'maria@example.com', '9876543210'),
    ('Pedro Martínez', 'Calle Principal', 'pedro@example.com', '4567890123'),
    ('Luisa Rodríguez', 'Calle 456', 'luisa@example.com', '7890123456'),
    ('Carlos Sánchez', 'Avenida ABC', 'carlos@example.com', '2345678901'),
    ('Ana Gómez', 'Carrera 789', 'ana@example.com', '8901234567'),
    ('Jorge López', 'Avenida 123', 'jorge@example.com', '3456789012'),
    ('Laura Hernández', 'Calle Secundaria', 'laura@example.com', '9012345678'),
    ('Daniel Díaz', 'Carrera 456', 'daniel@example.com', '0123456789'),
    ('Sofía Vargas', 'Avenida Central', 'sofia@example.com', '2345678901'),
    ('Miguel Fernández', 'Calle 789', 'miguel@example.com', '3456789012'),
    ('Valeria Pérez', 'Avenida 456', 'valeria@example.com', '4567890123'),
    ('Diego Martínez', 'Calle 567', 'diego@example.com', '5678901234'),
    ('Paula González', 'Avenida 789', 'paula@example.com', '6789012345'),
    ('Alejandro Soto', 'Calle 890', 'alejandro@example.com', '7890123456'),
    ('Andrea Mendoza', 'Avenida 901', 'andrea@example.com', '8901234567'),
    ('Gabriel Reyes', 'Carrera 123', 'gabriel@example.com', '9012345678'),
    ('Lucía Jiménez', 'Calle 234', 'lucia@example.com', '0123456789'),
    ('Fernando Torres', 'Avenida 234', 'fernando@example.com', '1234567890'),
    ('Camila Silva', 'Carrera 567', 'camila@example.com', '2345678901'),
    ('Martín Ríos', 'Calle 345', 'martin@example.com', '3456789012'),
    ('Natalia Ortiz', 'Avenida 678', 'natalia@example.com', '4567890123'),
    ('Sebastián Castro', 'Carrera 789', 'sebastian@example.com', '5678901234'),
    ('Victoria Molina', 'Calle 678', 'victoria@example.com', '6789012345'),
    ('Alexandra Herrera', 'Avenida 567', 'alexandra@example.com', '7890123456'),
    ('Emilio Ramírez', 'Carrera 901', 'emilio@example.com', '8901234567'),
    ('Gabriela Medina', 'Calle 789', 'gabriela@example.com', '9012345678'),
    ('Rodrigo Núñez', 'Avenida 901', 'rodrigo@example.com', '0123456789'),
    ('Antonella Ramos', 'Calle 678', 'antonella@example.com', '1234567890'),
    ('Matías Castro', 'Avenida 890', 'matias@example.com', '2345678901'),
    ('Isabella Romero', 'Carrera 345', 'isabella@example.com', '3456789012'),
    ('Francisco Gutiérrez', 'Calle 901', 'francisco@example.com', '4567890123'),
    ('Julieta Álvarez', 'Avenida 456', 'julieta@example.com', '5678901234'),
    ('Juan Pablo Guzmán', 'Carrera 234', 'juanpablo@example.com', '6789012345'),
    ('Carolina Díaz', 'Calle 678', 'carolina@example.com', '7890123456'),
    ('Matías Rivas', 'Avenida 345', 'matiasr@example.com', '8901234567'),
    ('Valentina Sánchez', 'Carrera 567', 'valentina@example.com', '9012345678'),
    ('Maximiliano Morales', 'Calle 456', 'maximiliano@example.com', '0123456789'),
    ('Pamela Álvarez', 'Avenida 789', 'pamela@example.com', '1234567890'),
    ('Cristóbal Valenzuela', 'Carrera 678', 'cristobal@example.com', '2345678901'),
    ('Florencia Muñoz', 'Calle 567', 'florencia@example.com', '3456789012'),
    ('Benjamín Navarro', 'Avenida 901', 'benjamin@example.com', '4567890123'),
    ('Constanza Guzmán', 'Carrera 789', 'constanza@example.com', '5678901234'),
    ('Ángeles Silva', 'Calle 123', 'angeles@example.com', '6789012345'),
    ('Luciano González', 'Avenida 789', 'luciano@example.com', '7890123456'),
    ('Martina Morales', 'Carrera 234', 'martina@example.com', '8901234567'),
    ('Ignacio Soto', 'Calle 567', 'ignacio@example.com', '9012345678');

-- Insertar datos de ejemplo en la tabla pedidos
INSERT INTO OptiGestionDB.pedidos (fecha, id_cliente, estado, total_pedido) 
VALUES 
    ('2023-01-01', 1, 'Pendiente', 50.00),
    ('2023-01-02', 2, 'Completado', 75.50),
    ('2023-01-03', 3, 'Pendiente', 30.25),
    ('2023-01-04', 4, 'En proceso', 45.75),
    ('2023-01-05', 5, 'Pendiente', 60.00),
    ('2023-01-06', 6, 'Completado', 85.25),
    ('2023-01-07', 7, 'En proceso', 55.50),
    ('2023-01-08', 8, 'Pendiente', 40.75),
    ('2023-01-09', 9, 'Completado', 65.00),
    ('2023-01-10', 10, 'Pendiente', 70.25),
    ('2023-01-11', 11, 'En proceso', 95.50),
    ('2023-01-12', 12, 'Pendiente', 80.75),
    ('2023-01-13', 13, 'Completado', 100.00),
    ('2023-01-14', 14, 'En proceso', 120.25),
    ('2023-01-15', 15, 'Pendiente', 110.50),
    ('2023-01-16', 16, 'Completado', 135.75),
    ('2023-01-17', 17, 'En proceso', 95.00),
    ('2023-01-18', 18, 'Pendiente', 125.25),
    ('2023-01-19', 19, 'Completado', 150.50),
    ('2023-01-20', 20, 'Pendiente', 140.75),
    ('2023-01-21', 21, 'En proceso', 165.00),
    ('2023-01-22', 22, 'Pendiente', 160.25),
    ('2023-01-23', 23, 'Completado', 175.50),
    ('2023-01-24', 24, 'En proceso', 195.75),
    ('2023-01-25', 25, 'Pendiente', 180.00),
    ('2023-01-26', 26, 'Completado', 200.25),
    ('2023-01-27', 27, 'En proceso', 225.50),
    ('2023-01-28', 28, 'Pendiente', 210.75),
    ('2023-01-29', 29, 'Completado', 235.00),
    ('2023-01-30', 30, 'Pendiente', 220.25),
    ('2023-01-31', 31, 'En proceso', 255.50),
    ('2023-02-01', 32, 'Pendiente', 240.75),
    ('2023-02-02', 33, 'Completado', 265.00),
    ('2023-02-03', 34, 'En proceso', 285.25),
    ('2023-02-04', 35, 'Pendiente', 270.50),
    ('2023-02-05', 36, 'Completado', 295.75),
    ('2023-02-06', 37, 'En proceso', 310.00),
    ('2023-02-07', 38, 'Pendiente', 300.25),
    ('2023-02-08', 39, 'Completado', 325.50),
    ('2023-02-09', 40, 'Pendiente', 320.75),
    ('2023-02-10', 41, 'En proceso', 345.00),
    ('2023-02-11', 42, 'Pendiente', 330.25),
    ('2023-02-12', 43, 'Completado', 355.50),
    ('2023-02-13', 44, 'En proceso', 375.75),
    ('2023-02-14', 45, 'Pendiente', 360.00),
    ('2023-02-15', 46, 'Completado', 385.25),
    ('2023-02-16', 47, 'En proceso', 405.50);

-- Insertar datos de ejemplo en la tabla proveedores
INSERT INTO OptiGestionDB.proveedores (nombre_proveedor, direccion, correo, telefono) 
VALUES 
    ('TextilExpress', 'Calle Gran Vía, 123, Madrid', 'info@textilexpress.com', '+34 912 345 678'),
    ('TecnologíaTotal', 'Avenida Tecnológica, 456, Barcelona', 'contacto@tecnototal.com', '+34 934 567 890'),
    ('ElectroWorld', 'Calle Electrónica, 789, Valencia', 'ventas@electroworld.es', '+34 961 234 567'),
    ('CocinaFácil', 'Avenida del Sabor, 101, Sevilla', 'info@cocinafacil.com', '+34 955 678 901'),
    ('FitnessPro', 'Calle del Deporte, 202, Bilbao', 'ventas@fitnesspro.com', '+34 944 123 456'),
    ('IluminaciónBrillante', 'Calle Luminaria, 303, Málaga', 'info@iluminacionbrillante.es', '+34 952 345 678'),
    ('AccesoriosPrácticos', 'Avenida Útil, 404, Zaragoza', 'contacto@accesoriospracticos.com', '+34 976 567 890'),
    ('HerramientasEficientes', 'Calle del Bricolaje, 505, Valladolid', 'ventas@herramientaseficientes.es', '+34 983 234 567'),
    ('SeguridadTotal', 'Avenida Segura, 606, Alicante', 'info@seguridadtotal.com', '+34 965 678 901'),
    ('DecoraciónCreativa', 'Calle Decorativa, 707, Murcia', 'contacto@decoracioncreativa.es', '+34 968 123 456');


-- Insertar datos de ejemplo en la tabla productos
INSERT INTO OptiGestionDB.productos (nombre_producto, descripcion, precio, cantidad_inventario, id_proveedor) 
VALUES 
    ('Camiseta de algodón', 'Camiseta básica de algodón en varios colores', 15.99, 200, 1),
    ('Portátil ultradelgado', 'Portátil ligero y compacto con pantalla táctil', 899.99, 50, 2),
    ('Auriculares inalámbricos', 'Auriculares Bluetooth con cancelación de ruido', 69.50, 100, 3),
    ('Juego de sartenes antiadherentes', 'Set de sartenes de cocina antiadherentes de alta calidad', 49.99, 80, 4),
    ('Reloj inteligente deportivo', 'Reloj inteligente con GPS y monitor de frecuencia cardíaca', 129.99, 150, 5),
    ('Lámpara de escritorio LED', 'Lámpara de escritorio con ajuste de brillo y temperatura de color', 34.75, 120, 6),
    ('Mochila impermeable para portátil', 'Mochila resistente al agua con compartimento acolchado para portátil', 49.50, 90, 7),
    ('Kit de herramientas para bricolaje', 'Set completo de herramientas para trabajos de bricolaje en casa', 79.99, 70, 8),
    ('Cámara de seguridad IP WiFi', 'Cámara de vigilancia para interiores con visión nocturna', 89.25, 110, 9),
    ('Teclado mecánico para gaming', 'Teclado retroiluminado con interruptores mecánicos para juegos', 59.99, 200, 10),
    ('Silla ergonómica para oficina', 'Silla ajustable con soporte lumbar para una postura saludable', 199.99, 30, 1),
    ('Robot aspirador inteligente', 'Aspiradora automática con navegación inteligente', 249.50, 40, 2),
    ('Set de tazas de café de cerámica', 'Juego de tazas elegantes para café con platos a juego', 19.99, 180, 3),
    ('Cargador solar portátil', 'Cargador solar compacto para dispositivos móviles', 29.75, 80, 4),
    ('Juego de toallas de baño suaves', 'Toallas de baño de algodón absorbentes y suaves al tacto', 39.99, 120, 5),
    ('Báscula digital para cocina', 'Báscula precisa y compacta para medir ingredientes en la cocina', 14.50, 150, 6),
    ('Parrilla eléctrica de interior', 'Parrilla eléctrica con placa antiadherente para uso en interiores', 49.25, 100, 7),
    ('Caja de herramientas para automóvil', 'Juego completo de herramientas para reparaciones de automóviles', 99.99, 60, 8),
    ('Altavoz Bluetooth resistente al agua', 'Altavoz portátil con certificación IPX7 resistente al agua', 79.50, 90, 9),
    ('Mesa plegable de camping', 'Mesa portátil de aluminio plegable para actividades al aire libre', 69.99, 70, 10),
    ('Set de cuchillos de cocina de acero', 'Cuchillos de cocina de alta calidad con mango ergonómico', 59.75, 140, 1),
    ('Linterna recargable LED', 'Linterna portátil con función de recarga USB', 24.99, 180, 2),
    ('Estuche organizador de cables', 'Organizador de cables y accesorios electrónicos para escritorio', 9.50, 200, 3),
    ('Termo de acero inoxidable', 'Termo de doble pared con tapa a prueba de fugas', 19.25, 160, 4),
    ('Cortina opaca para dormitorio', 'Cortina térmica y opaca para bloquear la luz y conservar el calor', 29.99, 110, 5),
    ('Set de copas de vino tinto', 'Juego de copas elegantes para vino tinto de cristal fino', 39.75, 90, 6),
    ('Máquina de café espresso automática', 'Cafetera automática con molinillo integrado y espumador de leche', 299.99, 40, 7),
    ('Bolso bandolera de cuero', 'Bolso de cuero genuino con correa ajustable y múltiples compartimentos', 129.50, 50, 8),
    ('Escritorio de ordenador ajustable', 'Escritorio ergonómico con altura ajustable y superficie espaciosa', 199.75, 30, 9),
    ('Kit de jardinería para principiantes', 'Herramientas esenciales para comenzar un jardín en casa', 34.99, 80, 10),
    ('Taburete de bar moderno', 'Taburete de bar con diseño contemporáneo y asiento acolchado', 49.25, 70, 1),
    ('Maleta de viaje resistente', 'Maleta expandible con ruedas giratorias y cerradura TSA', 89.99, 60, 2),
    ('Set de brochas de maquillaje profesional', 'Brochas de maquillaje de alta calidad para un acabado impecable', 24.50, 150, 3),
    ('Candado de seguridad para bicicleta', 'Candado resistente con cable de acero para bicicletas y otros objetos', 14.99, 100, 4),
    ('Cargador inalámbrico rápido', 'Cargador de carga rápida para dispositivos compatibles con tecnología Qi', 39.75, 120, 5),
    ('Manta eléctrica para cama', 'Manta térmica con ajuste de temperatura para mantenerse cálido en invierno', 59.99, 80, 6),
    ('Termómetro digital para cocina', 'Termómetro de cocina preciso para medir la temperatura de alimentos', 9.25, 200, 7);

-- Insertar datos de ejemplo en la tabla detalle_pedidos
INSERT INTO detalle_pedidos (id_pedido, id_producto, cantidad) 
VALUES 
    (1, 1, 2),
    (1, 3, 1),
    (2, 2, 1),
    (2, 5, 3),
    (3, 7, 2),
    (4, 4, 1),
    (5, 6, 4),
    (6, 8, 2),
    (7, 10, 1),
    (8, 9, 3),
    (9, 3, 2),
    (10, 5, 1),
    (11, 2, 3),
    (11, 4, 2),
    (12, 6, 1),
    (12, 8, 2),
    (13, 10, 3),
    (14, 1, 1),
    (14, 3, 1),
    (15, 2, 2),
    (16, 5, 1),
    (16, 7, 2),
    (17, 9, 3),
    (18, 4, 1),
    (18, 6, 2),
    (19, 8, 1),
    (20, 10, 3),
    (21, 1, 2),
    (21, 3, 1),
    (22, 2, 1),
    (22, 5, 2),
    (23, 7, 1),
    (24, 4, 3),
    (25, 6, 2),
    (26, 8, 1),
    (26, 10, 2),
    (27, 1, 1),
    (28, 3, 2),
    (28, 5, 1),
    (29, 2, 3),
    (29, 4, 2),
    (30, 6, 1),
    (30, 8, 2),
    (31, 10, 3),
    (32, 1, 1),
    (32, 3, 1),
    (33, 2, 2),
    (34, 5, 1),
    (34, 7, 2),
    (35, 9, 3),
    (36, 4, 1),
    (37, 6, 2),
    (38, 8, 1),
    (39, 10, 3),
    (40, 1, 2);

-- Insertar datos de ejemplo en la tabla faturas
INSERT INTO facturas (id_pedido, fecha, total_factura) 
VALUES 
    (1, '2023-01-05', 150.00),
    (2, '2023-01-06', 280.50),
    (3, '2023-01-07', 200.00),
    (4, '2023-01-08', 95.75),
    (5, '2023-01-09', 180.20),
    (6, '2023-01-10', 300.00),
    (7, '2023-01-11', 120.50),
    (8, '2023-01-12', 250.75),
    (9, '2023-01-13', 350.00),
    (10, '2023-01-14', 180.25),
    (11, '2023-01-15', 200.00),
    (12, '2023-01-16', 420.30),
    (13, '2023-01-17', 150.50),
    (14, '2023-01-18', 275.80),
    (15, '2023-01-19', 180.00),
    (16, '2023-01-20', 400.25),
    (17, '2023-01-21', 220.75),
    (18, '2023-01-22', 300.00),
    (19, '2023-01-23', 150.50),
    (20, '2023-01-24', 350.80),
    (21, '2023-01-25', 180.00),
    (22, '2023-01-26', 260.75),
    (23, '2023-01-27', 400.50),
    (24, '2023-01-28', 180.25),
    (25, '2023-01-29', 310.80),
    (26, '2023-01-30', 180.00),
    (27, '2023-01-31', 250.75),
    (28, '2023-02-01', 450.50),
    (29, '2023-02-02', 180.25),
    (30, '2023-02-03', 370.80),
    (31, '2023-02-04', 180.00),
    (32, '2023-02-05', 290.75),
    (33, '2023-02-06', 500.50),
    (34, '2023-02-07', 180.25),
    (35, '2023-02-08', 420.80),
    (36, '2023-02-09', 180.00),
    (37, '2023-02-10', 330.75),
    (38, '2023-02-11', 550.50),
    (39, '2023-02-12', 180.25),
    (40, '2023-02-13', 450.80),
    (41, '2023-02-14', 180.00),
    (42, '2023-02-15', 370.75),
    (43, '2023-02-16', 600.50),
    (44, '2023-02-17', 180.25),
    (45, '2023-02-18', 480.80),
    (46, '2023-02-19', 180.00),
    (47, '2023-02-20', 510.75);